,file_name
0,english368.mp3
1,english340.mp3
2,english426.mp3
3,english432.mp3
4,english354.mp3
5,english383.mp3
6,english397.mp3
7,english142.mp3
8,english156.mp3
9,english181.mp3
10,english195.mp3
11,english39.mp3
12,english11.mp3
13,english208.mp3
14,english234.mp3
15,english552.mp3
16,english546.mp3
17,english220.mp3
18,english547.mp3
19,english221.mp3
20,english235.mp3
21,english553.mp3
22,english209.mp3
23,english10.mp3
24,english38.mp3
25,english194.mp3
26,english180.mp3
27,english157.mp3
28,english143.mp3
29,english396.mp3
30,english382.mp3
31,english433.mp3
32,english355.mp3
33,english341.mp3
34,english427.mp3
35,english369.mp3
36,english419.mp3
37,english357.mp3
38,english431.mp3
39,english425.mp3
40,english343.mp3
41,english394.mp3
42,english380.mp3
43,english169.mp3
44,english155.mp3
45,english141.mp3
46,english196.mp3
47,english182.mp3
48,english12.mp3
49,english579.mp3
50,english223.mp3
51,english545.mp3
52,english551.mp3
53,english237.mp3
54,english550.mp3
55,english236.mp3
56,english222.mp3
57,english544.mp3
58,english578.mp3
59,english13.mp3
60,english183.mp3
61,english197.mp3
62,english140.mp3
63,english154.mp3
64,english168.mp3
65,english381.mp3
66,english395.mp3
67,english424.mp3
68,english342.mp3
69,english356.mp3
70,english430.mp3
71,english418.mp3
72,english434.mp3
73,english352.mp3
74,english346.mp3
75,english420.mp3
76,english408.mp3
77,english391.mp3
78,english385.mp3
79,english150.mp3
80,english144.mp3
81,english178.mp3
82,english193.mp3
83,english187.mp3
84,english17.mp3
85,english540.mp3
86,english226.mp3
87,english232.mp3
88,english554.mp3
89,english568.mp3
90,english569.mp3
91,english233.mp3
92,english555.mp3
93,english541.mp3
94,english227.mp3
95,english16.mp3
96,english186.mp3
97,english192.mp3
98,english179.mp3
99,english145.mp3
100,english151.mp3
101,english384.mp3
102,english390.mp3
103,english409.mp3
104,english347.mp3
105,english421.mp3
106,english435.mp3
107,english353.mp3
108,english423.mp3
109,english345.mp3
110,english351.mp3
111,english437.mp3
112,english379.mp3
113,english386.mp3
114,english392.mp3
115,english147.mp3
116,english153.mp3
117,english184.mp3
118,english190.mp3
119,english14.mp3
120,english28.mp3
121,english557.mp3
122,english231.mp3
123,english225.mp3
124,english543.mp3
125,english219.mp3
126,english218.mp3
127,english224.mp3
128,english542.mp3
129,english556.mp3
130,english230.mp3
131,english29.mp3
132,english15.mp3
133,english191.mp3
134,english185.mp3
135,english152.mp3
136,english146.mp3
137,english393.mp3
138,english387.mp3
139,english378.mp3
140,english350.mp3
141,english436.mp3
142,english422.mp3
143,english344.mp3
144,english479.mp3
145,english445.mp3
146,english323.mp3
147,english337.mp3
148,english451.mp3
149,english486.mp3
150,english492.mp3
151,english109.mp3
152,english121.mp3
153,english135.mp3
154,english99.mp3
155,english66.mp3
156,english72.mp3
157,english519.mp3
158,english531.mp3
159,english257.mp3
160,english243.mp3
161,english525.mp3
162,english294.mp3
163,english280.mp3
164,english281.mp3
165,english295.mp3
166,english242.mp3
167,english524.mp3
168,english530.mp3
169,english256.mp3
170,english518.mp3
171,english73.mp3
172,english67.mp3
173,english98.mp3
174,english134.mp3
175,english120.mp3
176,english108.mp3
177,english493.mp3
178,english487.mp3
179,english336.mp3
180,english450.mp3
181,english444.mp3
182,english322.mp3
183,english478.mp3
184,english308.mp3
185,english452.mp3
186,english334.mp3
187,english320.mp3
188,english446.mp3
189,english491.mp3
190,english485.mp3
191,english136.mp3
192,english122.mp3
193,english59.mp3
194,english71.mp3
195,english65.mp3
196,english268.mp3
197,english526.mp3
198,english240.mp3
199,english254.mp3
200,english532.mp3
201,english283.mp3
202,english297.mp3
203,english296.mp3
204,english282.mp3
205,english255.mp3
206,english533.mp3
207,english527.mp3
208,english241.mp3
209,english269.mp3
210,english64.mp3
211,english70.mp3
212,english58.mp3
213,english123.mp3
214,english137.mp3
215,english484.mp3
216,english490.mp3
217,english321.mp3
218,english447.mp3
219,english453.mp3
220,english335.mp3
221,english309.mp3
222,english331.mp3
223,english457.mp3
224,english443.mp3
225,english325.mp3
226,english319.mp3
227,english494.mp3
228,english480.mp3
229,english133.mp3
230,english127.mp3
231,english9.mp3
232,english74.mp3
233,english60.mp3
234,english48.mp3
235,english245.mp3
236,english523.mp3
237,english537.mp3
238,english251.mp3
239,english279.mp3
240,english286.mp3
241,english292.mp3
242,english293.mp3
243,english287.mp3
244,english278.mp3
245,english536.mp3
246,english250.mp3
247,english244.mp3
248,english522.mp3
249,english49.mp3
250,english61.mp3
251,english75.mp3
252,english8.mp3
253,english126.mp3
254,english132.mp3
255,english481.mp3
256,english495.mp3
257,english318.mp3
258,english442.mp3
259,english324.mp3
260,english330.mp3
261,english456.mp3
262,english326.mp3
263,english440.mp3
264,english454.mp3
265,english332.mp3
266,english468.mp3
267,english483.mp3
268,english497.mp3
269,english124.mp3
270,english130.mp3
271,english118.mp3
272,english88.mp3
273,english63.mp3
274,english77.mp3
275,english252.mp3
276,english534.mp3
277,english520.mp3
278,english246.mp3
279,english508.mp3
280,english291.mp3
281,english285.mp3
282,english284.mp3
283,english290.mp3
284,english509.mp3
285,english521.mp3
286,english247.mp3
287,english253.mp3
288,english535.mp3
289,english76.mp3
290,english62.mp3
291,english89.mp3
292,english119.mp3
293,english131.mp3
294,english125.mp3
295,english496.mp3
296,english482.mp3
297,english469.mp3
298,english455.mp3
299,english333.mp3
300,english327.mp3
301,english441.mp3
302,english458.mp3
303,english464.mp3
304,english302.mp3
305,english316.mp3
306,english470.mp3
307,english128.mp3
308,english100.mp3
309,english6.mp3
310,english114.mp3
311,english84.mp3
312,english90.mp3
313,english47.mp3
314,english53.mp3
315,english538.mp3
316,english510.mp3
317,english276.mp3
318,english262.mp3
319,english504.mp3
320,english289.mp3
321,english288.mp3
322,english263.mp3
323,english505.mp3
324,english511.mp3
325,english277.mp3
326,english539.mp3
327,english52.mp3
328,english46.mp3
329,english91.mp3
330,english85.mp3
331,english7.mp3
332,english115.mp3
333,english101.mp3
334,english129.mp3
335,english317.mp3
336,english471.mp3
337,english465.mp3
338,english303.mp3
339,english459.mp3
340,english329.mp3
341,english473.mp3
342,english315.mp3
343,english301.mp3
344,english467.mp3
345,english498.mp3
346,english117.mp3
347,english5.mp3
348,english103.mp3
349,english93.mp3
350,english87.mp3
351,english78.mp3
352,english50.mp3
353,english44.mp3
354,english249.mp3
355,english507.mp3
356,english261.mp3
357,english275.mp3
358,english513.mp3
359,english274.mp3
360,english512.mp3
361,english506.mp3
362,english260.mp3
363,english248.mp3
364,english45.mp3
365,english51.mp3
366,english79.mp3
367,english86.mp3
368,english92.mp3
369,english102.mp3
370,english116.mp3
371,english4.mp3
372,english499.mp3
373,english300.mp3
374,english466.mp3
375,english472.mp3
376,english314.mp3
377,english328.mp3
378,english310.mp3
379,english476.mp3
380,english462.mp3
381,english304.mp3
382,english338.mp3
383,english489.mp3
384,english112.mp3
385,english106.mp3
386,english96.mp3
387,english82.mp3
388,english55.mp3
389,english41.mp3
390,english69.mp3
391,english264.mp3
392,english502.mp3
393,english516.mp3
394,english270.mp3
395,english258.mp3
396,english259.mp3
397,english517.mp3
398,english271.mp3
399,english265.mp3
400,english503.mp3
401,english68.mp3
402,english40.mp3
403,english54.mp3
404,english83.mp3
405,english97.mp3
406,english107.mp3
407,english1.mp3
408,english113.mp3
409,english488.mp3
410,english339.mp3
411,english463.mp3
412,english305.mp3
413,english311.mp3
414,english477.mp3
415,english307.mp3
416,english461.mp3
417,english475.mp3
418,english313.mp3
419,english449.mp3
420,english105.mp3
421,english111.mp3
422,english3.mp3
423,english139.mp3
424,english81.mp3
425,english95.mp3
426,english42.mp3
427,english56.mp3
428,english273.mp3
429,english515.mp3
430,english501.mp3
431,english267.mp3
432,english529.mp3
433,english298.mp3
434,english299.mp3
435,english528.mp3
436,english500.mp3
437,english266.mp3
438,english272.mp3
439,english514.mp3
440,english57.mp3
441,english43.mp3
442,english94.mp3
443,english80.mp3
444,english138.mp3
445,english110.mp3
446,english2.mp3
447,english104.mp3
448,english448.mp3
449,english474.mp3
450,english312.mp3
451,english306.mp3
452,english460.mp3
453,english349.mp3
454,english361.mp3
455,english407.mp3
456,english413.mp3
457,english375.mp3
458,english163.mp3
459,english177.mp3
460,english188.mp3
461,english18.mp3
462,english24.mp3
463,english30.mp3
464,english229.mp3
465,english215.mp3
466,english573.mp3
467,english567.mp3
468,english201.mp3
469,english566.mp3
470,english200.mp3
471,english214.mp3
472,english572.mp3
473,english228.mp3
474,english31.mp3
475,english25.mp3
476,english19.mp3
477,english189.mp3
478,english176.mp3
479,english162.mp3
480,english412.mp3
481,english374.mp3
482,english360.mp3
483,english406.mp3
484,english348.mp3
485,english438.mp3
486,english376.mp3
487,english410.mp3
488,english404.mp3
489,english362.mp3
490,english389.mp3
491,english148.mp3
492,english174.mp3
493,english160.mp3
494,english33.mp3
495,english27.mp3
496,english558.mp3
497,english202.mp3
498,english564.mp3
499,english570.mp3
500,english216.mp3
501,english571.mp3
502,english217.mp3
503,english203.mp3
504,english565.mp3
505,english559.mp3
506,english26.mp3
507,english32.mp3
508,english161.mp3
509,english175.mp3
510,english149.mp3
511,english388.mp3
512,english405.mp3
513,english363.mp3
514,english377.mp3
515,english411.mp3
516,english439.mp3
517,english415.mp3
518,english373.mp3
519,english367.mp3
520,english401.mp3
521,english429.mp3
522,english398.mp3
523,english171.mp3
524,english165.mp3
525,english159.mp3
526,english36.mp3
527,english22.mp3
528,english561.mp3
529,english207.mp3
530,english213.mp3
531,english575.mp3
532,english549.mp3
533,english548.mp3
534,english212.mp3
535,english574.mp3
536,english560.mp3
537,english206.mp3
538,english23.mp3
539,english37.mp3
540,english158.mp3
541,english164.mp3
542,english170.mp3
543,english399.mp3
544,english428.mp3
545,english366.mp3
546,english400.mp3
547,english414.mp3
548,english372.mp3
549,english402.mp3
550,english364.mp3
551,english370.mp3
552,english416.mp3
553,english358.mp3
554,english166.mp3
555,english172.mp3
556,english199.mp3
557,english21.mp3
558,english35.mp3
559,english576.mp3
560,english210.mp3
561,english204.mp3
562,english562.mp3
563,english238.mp3
564,english239.mp3
565,english205.mp3
566,english563.mp3
567,english577.mp3
568,english211.mp3
569,english34.mp3
570,english20.mp3
571,english198.mp3
572,english173.mp3
573,english167.mp3
574,english359.mp3
575,english371.mp3
576,english417.mp3
577,english403.mp3
578,english365.mp3
