time,content
2020-07-10 22:42:27.7 IST,"Please call Stella sketch, bring these things with from the store six phones of fresh snow pays five six labs of blue cheese and maybe a snack brother ball. We also need a small plastic snake and the big choice for all the kids. She can scoop these things into three read bags and we will get to make a Wednesday at the train station."
2020-07-10 22:43:12.7 IST,"Please call Stella after to bring day safe with her from the store six thirty or fresh snow P. five, six labs and blue cheese and maybe a snack for brother Bob we also need a small plastic steak and a big to a product for the kids, she can scoop these things into three red backs and we will go meet her Wednesday at the train station."
2020-07-10 22:43:51.1 IST,"Please costella ask her to bring these things with her from the store six things a fresh snow piece five, six labs and blue cheese and maybe a snap for her brother Bob. They also need a small plastic snake and a big toy fraud for the kids. She can scape these things and two three red backs and WeWork. I made her Wednesday at the train station."
2020-07-10 22:44:33.1 IST,Please cause then I asked him to bring these things with her from the store sixteen the fresh snow please five pics of the policies and maybe a snack for her brother bye-bye we also need a small plastic snake and the big tore Fox with the kids. She can do these things into three at bikes and we will go meet her Wednesday at the train station.
2020-07-10 22:45:15.1 IST,"Asked you to bring these things with you from store explains the first no pins for six labs of Bluetooth and maybe is next for her brother bull real funny to smokeless to explain and Victoria wrong so, the key and the three years and you've got me here Wednesday I can train station."
2020-07-10 22:45:57.1 IST,"Please call Stella ask her to bring these things with her from the store six boons of fresh snow pies five, six labs a blue cheese and maybe a snack for her brother Bob. We also need a small plastic snake and a big toy for all for the kids. She can scoop these things into three read bags and we will go meet her Wednesday at the train station."
2020-07-10 22:46:37.9 IST,"Please call still extra to bring things these things with her from the stool six afresh no piece bath.And maybe a snack for her bra. But we also need a small class. Is Nate, and it'd be totally for all from the key, for the key she can do these things into three rate and we will go beat her Winston at the main train station."
2020-07-10 22:47:32.5 IST,Bring these things with her from the store six five six leads blue cheese and maybe a snack for brother Bob. They're also need a small customer making a big toys truck for the kids you can skip these things in the three read bags and we don't go meter once they at the train station.
2020-07-10 22:48:10.3 IST,"Please call star asked her to bring these things with her from the store. Six blooms the fresh snow pies five, six labs of blue cheese and maybe a snack for her brother Bob. We also need the small plastic snake that the big toy frog for the kids. She can scoop these things into three read bags and we will go to me for Wednesday at the train station."
2020-07-10 22:48:50.5 IST,"Stella, S. for Sam from the store six phones are fresh, five, six flags or blue cheese and maybe a snack for her brother Bob. We also need a small plastic snake and a big problem for the kids, she can scoop these things into reread bag and we will go meet her Wednesday at the train station."
2020-07-10 22:49:33.7 IST,"Please call Stella S. pretty bring these things with her from the store six to the fresh snow pies five six last the flu cheese and maybe a snack for her brother Bob. We also need a small plastic snake and a big twice to the kids. She can scoop these things from the three read bags and we will, they'll meet her Wednesday at the train station."
2020-07-10 22:50:16.9 IST,"Please cost our, ask her to bring these things with her from the store. Six pounds of fresh, no, P. five, six lives of blue cheese and maybe a snack for her brother Bob. We also need a small plastic snake and big twice for of the kids she can scoop these things into three bread banks and we will go meet her Wednesday at the train station."
2020-07-10 22:51:00.1 IST,This call Stella ask it to bring these things with us from the store six phones of fresh no pays five six loved to go change and maybe a snack for her brother Bob. We also need a small plastic snake and a big twice roxro kids she can scoop these things and we will go me to Wednesday at the train station.
2020-07-10 22:51:41.5 IST,"Please call Stella ask her to bring the best things with her from the store. Six experience of fresh snow Putin, five six slabs of Bluetooth and maybe a snack for her brother Bob. We also need a small plastic snake and a big tore frog for the kids she can scoop these things into three read bags and we will go meet her Wednesday at the train station."
2020-07-10 22:52:27.1 IST,Please call Stella asked her to bring these things with her from the store experience of fresh snow pies five six slabs of blue cheese and maybe a snack for her brother Bob. We also need a small plastic snake and a big toy fraud for the kids. She can skip these things and just reread bags and we will go meter Wednesday at the train station.
2020-07-10 22:53:10.9 IST,"Please call Stella asked you to bring these things aside from the store discretionary pies, five six labs. A blue cheese and maybe a snack for brother Bob. They'll send you a small plastics making a big twice frog for the kids. She can scoop these things and distributed bags and we'll go me here Wednesday at the train station."
2020-07-10 22:53:48.1 IST,"Please call ask her to store the five six five and maybe aside for her brother though we also need to make a big totally for all.The things to do, three way and we will go meet her last day at."
2020-07-10 22:54:29.5 IST,"Costella ask her to bring these things went from the store experience especially five, six lab for Flutie's and maybe it's not for her brother box. We also need a flat plastic snake and a big twice Fox with the kids. She can scoop these things into three read back. And we will go meet her when say at the train station."
2020-07-10 22:55:10.9 IST,"Still ask her to Brinkley's things with our, from the store experience of fresh note though six slides Bluejeans and maybe as for her brother Bob, we also need a small plastic snake and ability for the two years she can scoop the two, three rated bags and we will go maybe our Wednesday at the train station."
2020-07-10 22:55:58.9 IST,"Please call stellar of cars bring these things with her from the store six months of fresh snow piece by six labs of blue cheese and maybe as smack for her brother Bob. We also need a soul plastics make and a big for, for all the kids we can scoop these things into three read bags and we will go meet Wednesday of the train station. What?"
2020-07-10 22:56:42.1 IST,Please call Stella ask her to bring these things west are from the store six of fresh no pays aspects of blue cheese and maybe it's knack for her brought about. We also need a small plastic snake and a big problem for the kids she can scoop these things and the three read back and we will go made her Wednesday at the train station.
2020-07-10 22:57:30.7 IST,"Please call, still ask her to bring these things with her from the store. Six of fresh snow P. five, six slabs of blue cheese and maybe a snack for her brother Bob. We also need a small plastics name and the big coil frog for the kids she can scoop these things into three read bags and we will go meet her on Wednesday at train station."
2020-07-10 22:58:17.5 IST,Please call Della asked her to bring these things with her from the store six Funes a fresh snow pies five six lab the blue cheese and maybe it's not for her brother Bob. We also need a small plastic snake and the big car frog for the kids. She can scoop these things into three read bags and we will go meet her Wednesday at the train station.
2020-07-10 22:59:03.7 IST,Please call Stella ask her to bring these times with her from the store six pins of fresh snow pays five six labs a Bluetooth and maybe snack for her brother Bob. We also need a small plastic snake and a big core frogs to the kids she will scoop please things up into three read bags and we will go meet her Wednesday at the train station.
2020-07-10 22:59:45.7 IST,"These costa Oscar to bring these things from the store six brings a fresh face five six labs of blue cheese I might be a snack product bald. We'll send a smooth plastics night and a big choice rock for the kids. She can skate these things into three with bags, I'm we will guy maybe Wednesday to train station."
2020-07-10 23:00:28.9 IST,"Please call Stella us to to bring these things with from the store six proves of fresh snow pays fivestreet slabs of blue chase. Maybe it's not for a brief about. We also need small plastic snakes, a big toy frog for the kids. She could skate these things into free route bags and we'll go through Wednesday at the train station."
2020-07-10 23:01:10.9 IST,"These.Things with her for the store six fresh. He's fine fix blue cheese maybe a snack for her brother. Both really need a small snake and it'd be quite from the kid these things, and reread bags and we will go meet her Wednesday at the train station."
2020-07-10 23:01:50.5 IST,"Please call Stella asked her brain these things with it from the store six phones. A fresh no pies five six labs of blue cheese and maybe a snack bar harbor. The Bob, I'll stay on the small plastic snake and a big to a frog the kids you can scoop these things the three rid bags and we will go me or Wednesday at the train station."
2020-07-10 23:02:30.1 IST,"Please call Stella asked her to bring these things with her from restore six boons a fresh snow pies five, six labs and blue cheese and maybe a snack for her brother Bob we also need a small plastic snake and a big Tory from for the kids. She can scoop these things into try read bags and we will go meet her Wednesday at the train station."
2020-07-10 23:03:15.7 IST,"Della asked her to bring these things with her from the store six phones a fresh, no pi that fix last a Bluetooth and maybe it's not for her brother Bob. We also need a small plastic snake and a big toy from for the key she can scoop these things into three way back and we will go meet her Wednesday at the train station."
2020-07-10 23:04:12.0 IST,"Please call Stella asked her to bring these things with her, from the store.To first no pies five six one two blue cheese and maybe a snack for her brother Bob we also need a small plastic snake and a big solely for all for the kids. She can scoop these things in three. She can scoop these things into three read bags we will also and we will go meet her Wednesday at the train station."
2020-07-10 23:04:54.7 IST,Please call Stella ask her to bring these things with her from store sixteen the fresh no pays five six labs of blue cheese and maybe it's not for her brother ball we also need a small plastic snake and update to a frog for the kids she can scoop these things into three red backs and we will go meet her Wednesday at train station.
2020-07-10 23:05:36.7 IST,"Please call, still ask her to bring these things with her from the store six of fresh snow pies five slick slabs of blue cheese and maybe a snack for her brother Bob. We also need a small plastic snake and big toy frog really kids. She can scoop these things into three read bags and we will go meet her Wednesday at the train station."
2020-07-10 23:06:24.1 IST,"Costella ask her bring these things with her from the store fixed soon to fresh snow pies five, six plaza, blue cheese and maybe a staff or rather. Bob we also need a small classic snake and big Toria. For the kids. She can scoop these things into three read back and we'll go meet her Wednesday at the train station."
2020-07-10 23:07:02.5 IST,"Please call Stella asked you to ring these things with her from store sixteen to fresh no, pies five, six flags and blue cheese and maybe a spec for her brother Bob, we also need a small plastic snake and I've been told from the kids she can scoop these things into three read bags and we will go meet her Wednesday at the train station."
2020-07-10 23:07:40.3 IST,Please consco ask her to bring these things with her from the store six brings a fresh snow pies five six leads a blue cheese and maybe a snack for her brother Bob. We also need a small plastic snake and a big coil frog for the kids. She can scoop these things into three read bags and we will go meet her Wednesday at the train station.
2020-07-10 23:08:19.3 IST,"Please call Stella, S. Critter bring these things with her from the store six phones. A fresh snow pace five six labs to blue cheese and maybe a snack per her brother Bob. We also need a small plastic snake and a big twice fraud for the kids. She can scoop these things into three read bags and we will go meet her Wednesday at the train station."
2020-07-10 23:09:06.1 IST,"Please call self ask her bring these things with her from the store six to the fresh no, pies labs, blue cheese and maybe a snack for her brother boss. We also need a small fasick snake and a big core for all the kids. She can see these things in the three read bags and we will go meet her Wednesday at the train station."
2020-07-10 23:09:46.9 IST,"Please call seller asked her to bring these things with her from star six months of fresh snow pies five, six flags and blue cheese and maybe snap for her brother Bob. We also need a small plastic snake and a big project for the kids she can scoop these things into three read back. We'll go meet her Wednesday at the train station."
2020-07-10 23:10:27.7 IST,"Please call store escrow to bring these things with her from the store six things a fresh snow piece five, six slabs of blue cheese and maybe a snack for her brother Bob. They also need a small plastic snake and a big to a frog for the kids she gets scoop these things and the three read bags and we will go and meet her Wednesday at the train station."
2020-07-10 23:11:07.3 IST,"Please call Stella ask her to bring these things with her from the store six months of fresh snow pies five, six labs of blue cheese and maybe as knack for her brother Bob. We also need a small plastic snake end up being totally fraud for the kids. She can complete things into three rent bags and we will go meet her Wednesday at the train station."
2020-07-10 23:11:49.3 IST,"Please call us to ask her to bring these things with her from the store, six.Five six labs and blue cheese and may be for her brother law we also need a small plastic snake and update to it for for the kids she can scoop these things into three rate bags and we will go meet her wins the at the train station."
2020-07-10 23:12:39.1 IST,"Please call Stella asked her to bring these things with her from the store six tens of fresh gnocchi five, six labs a blue cheese and maybe it's not for her brother Bob. We also need a small plastic snake and if they toys to the good things and just reread bad and we will go meet her Wednesday at the train station."
2020-07-10 23:13:19.3 IST,"Please call still ask you to bring these things with her from the store six rooms a fresh, no pies five six labs is a blue cheese and maybe it's not for both the Bob we also need a small plastic snake and the big coiffe wrong for the kids. She can scoop these things into three read banks and we will go meet her Wednesday at the train station."
2020-07-10 23:13:58.3 IST,"Please call Stella asked her bring the things with from store sixteen fresh. No, please, five, six lines of blue cheese and maybe a snack for her brother Bob. We also need a small plastic snake and a big boy frog for the kids. She can scoop these things in the three read bags and we will go meet her Wednesday at the train station."
2020-07-10 23:14:39.7 IST,Please call Stella ask us to bring these things with the firms to six brings a fresh stuff is five six loves the blue face and maybe it's not for brother above bills on a small prospects next big truck for gets she can get these things into for your bags little Jeremy Wednesday.
2020-07-10 23:15:19.3 IST,Maybe is next need a small company?And we will go meet on Wednesday.
2020-07-10 23:16:03.7 IST,"Please call Stella ask her to bring these things with her from the store. Six phones are fresh snow piece, five, six labs blue cheese and maybe a snack for her brother Bob. We also need a small plastic snake and a big core frog for the kids. She can scoop piece things and the three read bags and we will go meet her Wednesday at the train station."
2020-07-10 23:16:43.3 IST,Says costella ask us from the store the fresh pays five to six last of blue cheese and maybe it's not for her brother Bob. They also need a small plastic snake and a big truck for the kids business group. They said three rent banks logo we'll go Wednesday the train station.
2020-07-10 23:17:28.9 IST,Please Oscar to bring these things with it from the store five six loved the blue chase and might be a snack for her brother bye-bye we also need a small plastics night and a big toy from for the kids. She can screw these things into three read bags and we will meet Wednesday at the train station.
2020-07-10 23:18:10.9 IST,"Please call Stella ask her to bring these things with her from the store six to fresh snow pies five, six slabs of blue cheese and maybe a snack for her brother Bob. We also need a small plastic snake and a big toy from to the kids. She can scoop these things into three read bags and we'll go meet for Wednesday at the train station."
2020-07-10 23:18:53.5 IST,Asked her to bring the same what are from the store refresh no fees far as working maybe it's not for her brother Bob. We also need a plastic snake and they tore for all the key is she can scoop the same industry read base and we will make her aware of the training say.
2020-07-10 23:19:35.5 IST,From the store.For pro or the chicken into bags and WeWork or when the train station.
2020-07-10 23:20:24.1 IST,Please call Stella asked her to bring these things with her from the store six to refresh Nokia five six labs a blue cheese as maybe a snack for her brother Bob. We also need a small plastic snake and a big twice frog for the kids she can skip these things into three read bags and we will go meet her Wednesday at the train station.
2020-07-10 23:21:08.5 IST,Please call so there's good reasons was still six stories of slaves of blue jeans and maybe stack for Robo we also made a small.Maybe they do it for you seeking to read the Lou go major?
2020-07-10 23:22:03.7 IST,"Please call after to bring these things with their front of store.Five, six lab and maybe it's not for her brother. We also need a small plastics night and.She can scoop. We think the three read the book go meet for Wednesday."
2020-07-10 23:22:45.1 IST,"Please call, ask her to bring these things with her from the store six the fresh snow piece, five, six plaza blue cheese and maybe a snack for her brother Bob. We also need a small plastic snake and a big choice of the kid, she can scoop these things in the three read bags and you'll go me or Wednesday the train station."
2020-07-10 23:23:24.1 IST,Please call Stella ask her to bring these things with her from the store six months of fresh snow pies five fix labs a blue cheese and maybe a snack for her brother Bob. We also need a small plastic snake and a big to a frog for the kids. She can skip these things in the three read bags and we'll go meet her Wednesday at the train station.
2020-07-10 23:24:02.5 IST,Please call Stella ask us to bring the six things with the from the store six fifty is a fresh no pies five six lapses blue cheese and maybe a snack for a protocol also. We need a small plastic snake and a big choice truck to the kids. She can scoop these things into three red backs and we'll go me to Wednesday at the train station. Thank you.
2020-07-10 23:24:45.7 IST,"Please call Stella ask him to bring these things with her from the store six booms of fresh snow pies five, six labs of blue cheese and maybe a snack for brother bomb we also need a small plastic snake and it'd be totally frog for the kids she can scoop need things into three read banks and we will go meet her on Wednesday to train station."
2020-07-10 23:25:31.3 IST,"Please costella ask her to bring these things with her from the store six effect snow pieces five, six slabs of booties and maybe a snack for her bread, they're both. They also need a small plastic snake and a bake, tie frog. For the kids she can scoop these things into three read bags and then you'll go meet with meet her Wednesday at the train station."
2020-07-10 23:26:20.5 IST,"Please call, so I was gonna bring these things with her from the store. Six foods are fresh snow pies five, six labs blue cheese and maybe it's not for her brother Bob. We also need a small plastic snake and a big problem for the kids. She can do these things. New three read bags and we will go meet her Wednesday at the train station."
2020-07-10 23:27:02.5 IST,"Please call Stella ask her to bring these things with her from the store. Six points of fresh snow pies five, six labs of blue cheese that may be a snack for her brother Bob. We also need a small plastic snake and the big to a frog for the kids, she can scoop these things into three read bags and we will go meet her Wednesday at the train station."
2020-07-10 23:27:42.1 IST,"Please call stuff after Bernice things with or from the store six phones of fresh, no pies five, six wives and blue cheese and maybe your staff. For her brother Bob. We also need a small plastic snake and a big Tory from the kids she can scoop the says just free rent bags and we'll go beach or Wednesday at the train station."
2020-07-10 23:28:23.5 IST,"Please ask her to bring these things with her from the store, six boons afresh no piece five, six labs of blue cheese and maybe it's Nick. For her brother Bob. We also need a small plastic snake and the big twelve frog for the kids. She can scoop these things into three read bags and we will go meet her Wednesday at the transition."
2020-07-10 23:29:05.5 IST,Please call though S. her to ring the things with her from the store six first no P. five the slab your blue jeans and maybe a snack brother blah. We also need a small plastics snake and the toys for all the key is she can scoop these things into three real bad and we will go meet her listed at the train station.
2020-07-10 23:30:03.7 IST,"Please call Stella ask her to bring these things with her from the store six phones freshness be five, six labs of blue cheese and maybe a snack for her brother about. We also need a small plastic snake and a big toy for all for the G. she can scoop these things up in the three read bag and it will go meet her Wednesday. I've train station."
2020-07-10 23:30:45.1 IST,"Please call, spell, ask her to bring these things with her from the scroll six months of fresh snow pays back then slabs of Bluejeans and maybe a snack bar brother Bob, we also need a small plastic snake and I told her for all, for the kids she can scoop these things into three re bags and we will go meet her, we actually had to train station."
2020-07-10 23:31:29.5 IST,"Please call Stella asked her to bring these things with their from the store six binance a fresh no pies five six labs a blue cheese and maybe a snack for her brother Bob. We also need a small plastic snake and a big problem for the kids, she can scoop these things and the three read bags and we will go meet her Wednesday at the train station."
2020-07-10 23:32:06.7 IST,"Please call, ask her to bring these things with her from the store six students and fresh, no, pies five, six loudly blue cheese and maybe it's not for her brother Bob we also need a small plastic snake and the big twice products for the kids she can scoop these things just reread bags and we will go meet her Wednesday at the train station."
2020-07-10 23:32:47.5 IST,Please call Stella ask her to remain things from the 16th of fresh night base by six slabs of blue cheese and maybe is next to her brother go. We'll say national plastic snake and a big toys broke for the kids. She can get a things into three right back and we'll meet her Wednesday at the train station.
2020-07-10 23:33:32.0 IST,"Please call Stella.These things with her from the store six of fresh snow pies five, six labs of ECES and maybe a snack for, or rather. Bob we also need a plastic snake and a big for for the kids. She can do these things into three read bags and we will go need or Wednesday at the train station."
2020-07-10 23:34:18.7 IST,"Please call Stella ask her to bring these things where they're from the store experience of fresh no fees, five six labs and blue cheese and maybe a snack for her brother Bob. We also need a small plastic snake and a big twice for Okta. The kids she can scoop these things into three red backs and we're gonna go meet here Wednesday at the train station."
2020-07-10 23:34:59.5 IST,Please call Stella ask her to bring this things with her from the stall six of fresh snow piece five six let's of blue cheese and maybe a snack abroad the ball we also need a small plastic snake and the big rock for the kids she can scoop this things into try with backs. And we will go meet her witness the at the train station.
2020-07-10 23:35:48.1 IST,Please call stellar asked me to bring these things with her from the store. Six phones are fresh no pies five six slabs of blue cheese and maybe a snack for her brother Bob you also need a small plastic snake and a big twenty five for the kids she can scoop these things into three read bags and he will go meet her Wednesday at the train station.
2020-07-10 23:36:33.7 IST,Please call Stella asked her to bring these things with her from the store six phones Frisch not pace five fix latches blue chase and maybe a snack for a profit. Bob we also need a small plastic snake and a big twenty fourth for the kids. She can script these things into three rate bags and we will go and meet you when stay at the train station.
2020-07-10 23:37:14.5 IST,"Calls Della, ask her to bring these things with her from the store six Funes a fresh snow pies five six slabs of blue cheese and maybe a snap for her brother Bob. We also need a small plastic steak and a big twice frog for the kids. She can scoop these things into three read bags and we will go meet her Wednesday at the train station."
2020-07-10 23:38:00.1 IST,Please call Stella and things that have.Been.Bad slab routines and maybe a snack Bob we also need a small best the snake and it or so for the kids. She can do these things into three rent bags and we will get lovable me her Wednesday at the train station.
2020-07-10 23:38:52.9 IST,"Please call seller ask her to bring these things with her from the store six phones of fresh snow piece five, six labs a Bluetooth and maybe it's knack for her brother Bob. We also need a small plastic snake and a big tore for all for, for the kids she can scoop theses into three read back and we will go meet her with the at the train station."
2020-07-10 23:39:48.1 IST,"Please costs to ask her to bring these things with her from the store six phones of fresh no pies five, six lapse of blue cheese and maybe a snack for her brother Bob. We also need a small plastic snake and a big toy frog for the kids. She can scoop these things into three read bags and we'll go meet her Wednesday at the train station."
2020-07-10 23:40:28.9 IST,Please call Stella asked her to bring these things with it from the store six Funes a fresh snow pies five six labs of blue cheese and maybe a snack for her brother Bob. We also need a small plastic snake and the big toys from for the kids she can scoop these things industry right bags and we'll go meet your Wednesday at the train station.
2020-07-10 23:41:10.9 IST,"Please call Stella asked her to bring these things with her from the store six of fresh snow pies five, six labs and blue cheese and maybe a snack for her brother Bob. We also need a small plastic snake and a big toy frog for the kids she can scoop these things into three read bags. Move will go meet her Wednesday at the train station."
2020-07-10 23:41:58.9 IST,Please call Stella asked her to bring these things with her from the store. Six phones are first no pies five six slabs of Bluetooth and maybe a snack for brother Bob we also need a small plastic snake and a big toys for all for the kids she can scoop these things into three red backs and we will go meet her Wednesday at the train station.
2020-07-10 23:42:43.9 IST,"Please call Stella ask her to bring these things with her from the store six phones a fresh snow pies five, six labs of blue cheese and maybe a snack for her brother Bob. We also need a small plastic snake and a big toys fraud for the kids. She can scoop these things and just reread bags and we will go meet or Wednesday at the train station."
2020-07-10 23:43:25.3 IST,Please call Stella after the wrangler said router from the store six five six labs are blue cheese and maybe it's net for both above. We also need a small plastic snake and a big tower frog for the kids. She can scoop these things into three read bags and we will go go meter Wednesday at the train station.
2020-07-10 23:44:07.9 IST,"Please call Stella ask her to bring these things with her from the store six bins of fresh snow pies five, six labs of blue cheese and maybe a snack for her brother Bob. They also need a small plastic snake and a big twice prompt for the kids. She can scoop these things into three read bags and we will go meet her Wednesday at the train station."
2020-07-10 23:44:48.7 IST,Please costa of come to bring these things from the store six boons of fresh new pies five six slabs of blue cheese and maybe it's not for her brother bold we also need a small plastic snake and a big toy frogs for the kids. She can scoop these things into three read bags and we will go meet to Wednesday at the train station so you know find you.
2020-07-10 23:45:31.9 IST,"Please call Stella asked her my niece things with her from the store six refresh, no piece five, six labs buchi's and maybe it's not for rather. Bob we also need a small plastic snake and a big, totally frog for the kids. She can go to these things into three read back and we will go meet her Winsted transition."
2020-07-10 23:46:24.9 IST,"Please call our after.There's a fresh nothing five, six lots of Bluetooth and maybe a fax her brother Bob. Mall plastic safe and a big twice taking things in the three read back and we'll go meet her Wednesday at the train station."
2020-07-10 23:46:54.7 IST,"Please call, still answer to bring these things with her from store six phones of fresh snow piece that fix lamps and blue cheese and maybe a snack or her brother ma'am. We also need a small plastic sneak in the big toys brawl with the kids. She can do these things. Industry read bags and we will go meet her wins V. at the train station."
2020-07-10 23:47:43.3 IST,Please call Stella Oscar to bring these things with her from the store six Brian's a fresh snow pays five six slabs of blue cheese and maybe a snack for her brother Bob. We also need a small plastic snake and a big toy from for the kids she can skip these things into three read bags and we'll go may to Wednesday at the train station.
2020-07-10 23:48:23.5 IST,"Please call Stella passcode to bring these things because from the store sixteen fresh snow pies, five, six lab booties and maybe if maximum brother Bob, we all need a small plastic snake and the thing twice in the kid she can scoop these things three read bags and we will go meet her when they're at the train station."
2020-07-10 23:49:03.7 IST,"Clears close cello Astrid agree with from the store six phones are freshness please. Five, six lives of fruit trees and maybe a stack for her broker ball we also need this role plastics and a big, totally frog for the kids. She sees things into three read bags and we'll go where does a train station?"
2020-07-10 23:49:51.7 IST,"Please call Stella ask her to bring these things with her from the store. Six bins of fresh snow pies five, six labs of blue cheese and maybe a snack for her brother Bob. We also need a small plastic snake and a big toy frog for the kids. She can scoop these things into three read bags and we will go meet her Wednesday at the train station."
2020-07-10 23:50:34.3 IST,Please call setup Oscar to bring these things with us from the store six phones a fresh snow pace five six slaps upload chase snack rather fault we also need a small plastics night and the big twice for all for the kids she can scoop these things into three red backs. And we will go to make a Wednesday at the train station. Beautiful very much.
2020-07-10 23:51:24.1 IST,Please call still as per to bring these things with her from the store to fresh knows piece for us six slides and blue cheese and maybe a snack for her brother Bob. We also need a small plastic snake or a big to a frog for the kids. You can scoop these things into three red backs. We will go meet her Wednesday at the train station.
2020-07-10 23:52:10.3 IST,"Please costella ask her to bring these things where they're from the store six pounds of freshness piece five, six lapse of blue cheese and maybe a snack for her brother Bob. We also need small plastic snake and big twice rocks that the kids. She can skip these things into three red backs. And we will go to meet her Wednesday at the train station."
2020-07-10 23:52:51.1 IST,"Please call Stella ask her to bring these things with her from the store. Six balloons of fresh snow piece five, six labs of blue cheese and maybe a snap for her brother Bob. We also need a small plastic snake and a big twice frog for the kids. She can scoop these things into three red backs. And we will call me her Wednesday at the train station."
2020-07-10 23:53:36.1 IST,Please call Stella asked you to bring these things with her from the store six Funes of fresh snow pies five six slabs of blue cheese and maybe a snack for her brother Bob. We also need a small plastic snake and a big query frog for the kids she can scoop these things into three read bags and we will go meet her Wednesday at the train station.
2020-07-10 23:54:19.9 IST,"Please. Cool Stella, I'll go to bring these things with her from the store, fix a fresh snow paste five, six, fives of blue cheese and maybe a snack brother both. We will also need the smooth plastic snake and the big toyed frog for the kids. She can scoop these things into three read bags and we'll go to Wednesday at the train station."